topic_id,topic_description,video_count,total_keyword_matches,example_video_ids,example_titles,processed_at
research_paper_replication,Replicating academic or institutional research papers and studies.,6,9,-2-vE-EbqBI|2oeNOkEPpdI|9XArDoDAEzs,"Is it really TRUE that ORDERFLOW trading cannot be AUTOMATED?|Read papers or extract the findings using ChatGPT, trade them #trading #trader|Where to get trading strategies ideas #trading #trader #daytrading #daytrader",2026-05-21T16:06:26.859068
market_structure_inefficiency,Inaccuracies or constraints in market structure that create tradeable opportunities.,6,12,-lZbWrPiyWU|bC57VrqZDvA|enRucxedp-0,Fabio Valentini Exposed ? #trading #trader #orderflow #algotrading #strategytrading|If you are trading opening range breakouts you need to listen to this #trading #trader #daytrading|Some of them are easy to identify and to take advantage of #trading #trader #daytrading #finance,2026-05-21T16:06:26.859090
risk_management,"Managing downside, drawdowns, and protection of capital.",35,68,-2-vE-EbqBI|-lZbWrPiyWU|0Pdp0d0siYE,Is it really TRUE that ORDERFLOW trading cannot be AUTOMATED?|Fabio Valentini Exposed ? #trading #trader #orderflow #algotrading #strategytrading|We got our first trade in and… here all the considerations#trading #trader #daytrading #stockmarket,2026-05-21T16:06:26.859094
backtesting_and_validation,Workflows for testing strategies against historical data and validating results.,25,69,-2-vE-EbqBI|-lZbWrPiyWU|7VG4_sgwJC0,Is it really TRUE that ORDERFLOW trading cannot be AUTOMATED?|Fabio Valentini Exposed ? #trading #trader #orderflow #algotrading #strategytrading|Day 11 dividing the data between in sample and out of sample #trader #trading #algotrading #futures,2026-05-21T16:06:26.859096
execution_and_microstructure,"The mechanics of order entry, fills, and market-level interaction.",29,63,-2-vE-EbqBI|0Pdp0d0siYE|6wDvV4cEN-o,Is it really TRUE that ORDERFLOW trading cannot be AUTOMATED?|We got our first trade in and… here all the considerations#trading #trader #daytrading #stockmarket|Video out today at 11 ET #trading #trader #daytrading #orderflow #algotrading,2026-05-21T16:06:26.859098
crypto_market_structure,Market dynamics specific to cryptocurrency exchanges and instruments.,3,5,4Nkzf-m6xgw|enRucxedp-0|WsaMrdsRbpE,Did you know this about high frequency trading? #trader #trading #highfrequencytrading|Some of them are easy to identify and to take advantage of #trading #trader #daytrading #finance|What is the best data provider for #trading which one would you include? #trader #algotrading,2026-05-21T16:06:26.859100
options_and_protection,"Using options for hedging, volatility analysis, or capital protection.",21,36,-HSpxk3HB60|-lZbWrPiyWU|4EcRjZ_qxO4,How to take advantage of the VIX. A simple way not discussed enough #stocks #trading #optionstrading|Fabio Valentini Exposed ? #trading #trader #orderflow #algotrading #strategytrading|Practice vs Theory. Which matters the most in trading? #trading #trader #daytrading,2026-05-21T16:06:26.859102
trading_psychology_and_process,The mental and procedural discipline required for professional trading.,18,23,-2-vE-EbqBI|-4H1e2tFovA|3zfggSLgJLg,"Is it really TRUE that ORDERFLOW trading cannot be AUTOMATED?|#trading #trader #daytrading #finance #strategytrading|If you can’t code you cannot automate your #trading  strategy , thankfully ChatGPT can help you",2026-05-21T16:06:26.859104
ai_assisted_research_workflow,Using Large Language Models and automation to enhance research productivity.,13,20,3lzfyR2kSO4|bI5JweJ2zK4|cq9_2U7Eq7o,Get it on Instagram #trader #trading #tradingstrategy #orderflow|Considerations 5 days out #trading #treader #daytrading #stocktrading #stockmarket|Did you know about its existence?#trading #trader #bloomberg #ai #finance,2026-05-21T16:06:26.859106
workstation_candidate_workflow,Workflows and checklists identified for potential implementation in the Local AI Workstation.,34,61,-2-vE-EbqBI|-4H1e2tFovA|-lZbWrPiyWU,Is it really TRUE that ORDERFLOW trading cannot be AUTOMATED?|#trading #trader #daytrading #finance #strategytrading|Fabio Valentini Exposed ? #trading #trader #orderflow #algotrading #strategytrading,2026-05-21T16:06:26.859108
general_market_commentary,"Broad discussion of market conditions, assets, or news events.",29,49,-2-vE-EbqBI|-lZbWrPiyWU|7vUD-onKsSw,"Is it really TRUE that ORDERFLOW trading cannot be AUTOMATED?|Fabio Valentini Exposed ? #trading #trader #orderflow #algotrading #strategytrading|With all due respect, He got away with it since 2022 😂#trading #trader #ict #daytrader #daytrading",2026-05-21T16:06:26.859110
unknown_or_uncategorized,Transcript does not strongly match existing taxonomy categories.,53,0,,,2026-05-21T16:06:26.859112
