video_id,title,upload_date,url,duration,view_count,caption_status,local_caption_file,local_info_json,processed_at
-2-vE-EbqBI,Is it really TRUE that ORDERFLOW trading cannot be AUTOMATED?,20260514,https://www.youtube.com/watch?v=-2-vE-EbqBI,552,8975,AVAILABLE,raw\-2-vE-EbqBI\-2-vE-EbqBI.en-orig.vtt,raw\-2-vE-EbqBI\-2-vE-EbqBI.info.json,2026-05-21T15:49:43.117070
-4H1e2tFovA,#trading #trader #daytrading #finance #strategytrading,20260504,https://www.youtube.com/watch?v=-4H1e2tFovA,18,944,AVAILABLE,raw\-4H1e2tFovA\-4H1e2tFovA.en-orig.vtt,raw\-4H1e2tFovA\-4H1e2tFovA.info.json,2026-05-21T15:49:43.136756
-HSpxk3HB60,How to take advantage of the VIX. A simple way not discussed enough #stocks #trading #optionstrading,20251213,https://www.youtube.com/watch?v=-HSpxk3HB60,50,1455,AVAILABLE,raw\-HSpxk3HB60\-HSpxk3HB60.en-orig.vtt,raw\-HSpxk3HB60\-HSpxk3HB60.info.json,2026-05-21T15:49:43.159047
-lZbWrPiyWU,Fabio Valentini Exposed ? #trading #trader #orderflow #algotrading #strategytrading,20260513,https://www.youtube.com/watch?v=-lZbWrPiyWU,63,1752,AVAILABLE,raw\-lZbWrPiyWU\-lZbWrPiyWU.en-orig.vtt,raw\-lZbWrPiyWU\-lZbWrPiyWU.info.json,2026-05-21T15:49:43.184707
0DCGY9kEB6c,Do you see the issue here? #trading #trader #daytrading #stockmarket #tradingstrategy,20260129,https://www.youtube.com/watch?v=0DCGY9kEB6c,16,598,MISSING,NONE,raw\0DCGY9kEB6c\0DCGY9kEB6c.info.json,2026-05-21T15:49:43.213474
0DmSqImHhRM,"This indicator identifies the rolling POC of the past 2 days, how would you use it? #trading",20260110,https://www.youtube.com/watch?v=0DmSqImHhRM,35,511,MISSING,NONE,raw\0DmSqImHhRM\0DmSqImHhRM.info.json,2026-05-21T15:49:43.239426
0mrpsFaPn2o,Backtesting is what institutional traders do 80% of their time #trading #daytrading #treader,20251217,https://www.youtube.com/watch?v=0mrpsFaPn2o,4,1206,MISSING,NONE,raw\0mrpsFaPn2o\0mrpsFaPn2o.info.json,2026-05-21T15:49:43.268985
0Pdp0d0siYE,We got our first trade in and… here all the considerations#trading #trader #daytrading #stockmarket,20260126,https://www.youtube.com/watch?v=0Pdp0d0siYE,58,853,AVAILABLE,raw\0Pdp0d0siYE\0Pdp0d0siYE.en-orig.vtt,raw\0Pdp0d0siYE\0Pdp0d0siYE.info.json,2026-05-21T15:49:43.295440
0TdmHjQyyBo,"Treat trading like a business, basing your decisions purely on data and not gut feelings #trading",20260101,https://www.youtube.com/watch?v=0TdmHjQyyBo,16,1223,AVAILABLE,raw\0TdmHjQyyBo\0TdmHjQyyBo.en-orig.vtt,raw\0TdmHjQyyBo\0TdmHjQyyBo.info.json,2026-05-21T15:49:43.322180
0XsMRxdl930,The more you trade the more commissions they make #trading #trader #daytrading,20260114,https://www.youtube.com/watch?v=0XsMRxdl930,13,141,AVAILABLE,raw\0XsMRxdl930\0XsMRxdl930.en-orig.vtt,raw\0XsMRxdl930\0XsMRxdl930.info.json,2026-05-21T15:49:43.350334
0YJTQ3BnCoE,Propfirms can be useful vehicles to learn but they can’t have you winning #trading #trader #propfirm,20260515,https://www.youtube.com/watch?v=0YJTQ3BnCoE,11,2327,MISSING,NONE,raw\0YJTQ3BnCoE\0YJTQ3BnCoE.info.json,2026-05-21T15:49:43.427886
18k3N11DBNY,Technology evolves and retail traders are waking up #trading #trader #stocks #stockmarket,20260209,https://www.youtube.com/watch?v=18k3N11DBNY,9,1875,AVAILABLE,raw\18k3N11DBNY\18k3N11DBNY.en-orig.vtt,raw\18k3N11DBNY\18k3N11DBNY.info.json,2026-05-21T15:49:43.453335
1fnvze_G8i0,#trading #trader #daytrading #finance #tradingstrategy,20260506,https://www.youtube.com/watch?v=1fnvze_G8i0,18,1407,AVAILABLE,raw\1fnvze_G8i0\1fnvze_G8i0.en-orig.vtt,raw\1fnvze_G8i0\1fnvze_G8i0.info.json,2026-05-21T15:49:43.483041
2oeNOkEPpdI,"Read papers or extract the findings using ChatGPT, trade them #trading #trader",20251220,https://www.youtube.com/watch?v=2oeNOkEPpdI,19,1482,AVAILABLE,raw\2oeNOkEPpdI\2oeNOkEPpdI.en-orig.vtt,raw\2oeNOkEPpdI\2oeNOkEPpdI.info.json,2026-05-21T15:49:43.511417
37vLeqVVSK0,#trading #trader #daytrading #money #quant #stockmarket,20260228,https://www.youtube.com/watch?v=37vLeqVVSK0,22,2072,AVAILABLE,raw\37vLeqVVSK0\37vLeqVVSK0.en-orig.vtt,raw\37vLeqVVSK0\37vLeqVVSK0.info.json,2026-05-21T15:49:43.535767
3lOtDq36F4I,2x High Value #trading #trader #education,20251213,https://www.youtube.com/watch?v=3lOtDq36F4I,7,963,AVAILABLE,raw\3lOtDq36F4I\3lOtDq36F4I.en-orig.vtt,raw\3lOtDq36F4I\3lOtDq36F4I.info.json,2026-05-21T15:49:43.559598
3lzfyR2kSO4,Get it on Instagram #trader #trading #tradingstrategy #orderflow,20260516,https://www.youtube.com/watch?v=3lzfyR2kSO4,19,1558,AVAILABLE,raw\3lzfyR2kSO4\3lzfyR2kSO4.en-orig.vtt,raw\3lzfyR2kSO4\3lzfyR2kSO4.info.json,2026-05-21T15:49:43.581704
3RHLtqmIElw,Be accountable for the losses and take the credits for the profits #trading #trader #daytrading,20251218,https://www.youtube.com/watch?v=3RHLtqmIElw,5,331,AVAILABLE,raw\3RHLtqmIElw\3RHLtqmIElw.en-orig.vtt,raw\3RHLtqmIElw\3RHLtqmIElw.info.json,2026-05-21T15:49:43.603242
3zfggSLgJLg,"If you can’t code you cannot automate your #trading  strategy , thankfully ChatGPT can help you",20260107,https://www.youtube.com/watch?v=3zfggSLgJLg,47,1192,AVAILABLE,raw\3zfggSLgJLg\3zfggSLgJLg.en-orig.vtt,raw\3zfggSLgJLg\3zfggSLgJLg.info.json,2026-05-21T15:49:43.623456
4095y1Sy01A,I’m here to provide you a different prospective on trading #trading #trader #daytrading,20251218,https://www.youtube.com/watch?v=4095y1Sy01A,31,1371,MISSING,NONE,raw\4095y1Sy01A\4095y1Sy01A.info.json,2026-05-21T15:49:43.650680
4EcRjZ_qxO4,Practice vs Theory. Which matters the most in trading? #trading #trader #daytrading,20260109,https://www.youtube.com/watch?v=4EcRjZ_qxO4,18,1312,AVAILABLE,raw\4EcRjZ_qxO4\4EcRjZ_qxO4.en-orig.vtt,raw\4EcRjZ_qxO4\4EcRjZ_qxO4.info.json,2026-05-21T15:49:43.670200
4Nkzf-m6xgw,Did you know this about high frequency trading? #trader #trading #highfrequencytrading,20251225,https://www.youtube.com/watch?v=4Nkzf-m6xgw,37,1314,AVAILABLE,raw\4Nkzf-m6xgw\4Nkzf-m6xgw.en-orig.vtt,raw\4Nkzf-m6xgw\4Nkzf-m6xgw.info.json,2026-05-21T15:49:43.690492
5c0ApbEpKa4,You get what you’re willing to work for.#trading #motivation #career #finance #stockmarket,20260208,https://www.youtube.com/watch?v=5c0ApbEpKa4,12,1547,AVAILABLE,raw\5c0ApbEpKa4\5c0ApbEpKa4.en-orig.vtt,raw\5c0ApbEpKa4\5c0ApbEpKa4.info.json,2026-05-21T15:49:43.711111
5QBZtRuGgO0,It keeps testing the resistance #trading #trader #daytrading #daytrader #stocktrading #stockmarket,20251215,https://www.youtube.com/watch?v=5QBZtRuGgO0,8,2999,MISSING,NONE,raw\5QBZtRuGgO0\5QBZtRuGgO0.info.json,2026-05-21T15:49:43.733165
5U5TrY95Q30,Make institutional trader  limitations your strengths #trading #trader #daytrading #tradingstrategy,20251223,https://www.youtube.com/watch?v=5U5TrY95Q30,15,342,AVAILABLE,raw\5U5TrY95Q30\5U5TrY95Q30.en-orig.vtt,raw\5U5TrY95Q30\5U5TrY95Q30.info.json,2026-05-21T15:49:43.751778
6URj8vH7MnQ,It won’t be easy but it will payoff. #trader #trading #money #motivation,20260109,https://www.youtube.com/watch?v=6URj8vH7MnQ,23,942,AVAILABLE,raw\6URj8vH7MnQ\6URj8vH7MnQ.en-orig.vtt,raw\6URj8vH7MnQ\6URj8vH7MnQ.info.json,2026-05-21T15:49:43.779639
6wDvV4cEN-o,Video out today at 11 ET #trading #trader #daytrading #orderflow #algotrading,20260514,https://www.youtube.com/watch?v=6wDvV4cEN-o,28,1032,AVAILABLE,raw\6wDvV4cEN-o\6wDvV4cEN-o.en-orig.vtt,raw\6wDvV4cEN-o\6wDvV4cEN-o.info.json,2026-05-21T15:49:43.815035
6wYZW50yCm0,"Christmas tradition watching trading places on Christmas eve, but is it a trading movie? #trading",20251225,https://www.youtube.com/watch?v=6wYZW50yCm0,12,1150,MISSING,NONE,raw\6wYZW50yCm0\6wYZW50yCm0.info.json,2026-05-21T15:49:43.856571
7hYF2gAS3tI,Anyone can trade like an institutional trader #trading #trader #algotrading,20260514,https://www.youtube.com/watch?v=7hYF2gAS3tI,14,1354,AVAILABLE,raw\7hYF2gAS3tI\7hYF2gAS3tI.en-orig.vtt,raw\7hYF2gAS3tI\7hYF2gAS3tI.info.json,2026-05-21T15:49:43.886392
7VG4_sgwJC0,Day 11 dividing the data between in sample and out of sample #trader #trading #algotrading #futures,20260111,https://www.youtube.com/watch?v=7VG4_sgwJC0,48,932,AVAILABLE,raw\7VG4_sgwJC0\7VG4_sgwJC0.en-orig.vtt,raw\7VG4_sgwJC0\7VG4_sgwJC0.info.json,2026-05-21T15:49:43.913912
7vUD-onKsSw,"With all due respect, He got away with it since 2022 😂#trading #trader #ict #daytrader #daytrading",20260210,https://www.youtube.com/watch?v=7vUD-onKsSw,8,1232,AVAILABLE,raw\7vUD-onKsSw\7vUD-onKsSw.en-orig.vtt,raw\7vUD-onKsSw\7vUD-onKsSw.info.json,2026-05-21T15:49:43.939686
7w2sYyoxmg4,Better starting in December 31st than postponing for one more year #trading #trader #daytrading,20251230,https://www.youtube.com/watch?v=7w2sYyoxmg4,7,1554,MISSING,NONE,raw\7w2sYyoxmg4\7w2sYyoxmg4.info.json,2026-05-21T15:49:43.971667
7Ylt6nkhNUw,Developing swing strategies conditional to the vix can be effective #trading #trader,20260511,https://www.youtube.com/watch?v=7Ylt6nkhNUw,45,1107,AVAILABLE,raw\7Ylt6nkhNUw\7Ylt6nkhNUw.en-orig.vtt,raw\7Ylt6nkhNUw\7Ylt6nkhNUw.info.json,2026-05-21T15:49:43.996125
85Xj2OUulM4,I agree it is cool though not gonna lie #trading #trader #daytrading #stockmarket #finance,20260427,https://www.youtube.com/watch?v=85Xj2OUulM4,18,1466,AVAILABLE,raw\85Xj2OUulM4\85Xj2OUulM4.en-orig.vtt,raw\85Xj2OUulM4\85Xj2OUulM4.info.json,2026-05-21T15:49:44.021790
88yPwajCxZY,Prop firms are a tool to learn not a path to wealth #trading #trader #daytrading,20260518,https://www.youtube.com/watch?v=88yPwajCxZY,17,1792,AVAILABLE,raw\88yPwajCxZY\88yPwajCxZY.en-orig.vtt,raw\88yPwajCxZY\88yPwajCxZY.info.json,2026-05-21T15:49:44.046374
8NJgu9lIRPo,There is no dream that is big enough #trading #treader #motivation #daytrading,20251224,https://www.youtube.com/watch?v=8NJgu9lIRPo,5,1547,MISSING,NONE,raw\8NJgu9lIRPo\8NJgu9lIRPo.info.json,2026-05-21T15:49:44.075810
8QeevRsmB3o,"You don’t do it for the money, but for the moment money can give you. #trading #money #motivation",20251228,https://www.youtube.com/watch?v=8QeevRsmB3o,10,1452,MISSING,NONE,raw\8QeevRsmB3o\8QeevRsmB3o.info.json,2026-05-21T15:49:44.101191
95-1K9MtB8M,Day 1 of retail and institutional traders are very different #trading #trader #daytrader,20251224,https://www.youtube.com/watch?v=95-1K9MtB8M,16,1395,AVAILABLE,raw\95-1K9MtB8M\95-1K9MtB8M.en-orig.vtt,raw\95-1K9MtB8M\95-1K9MtB8M.info.json,2026-05-21T15:49:44.126444
9mb6diq4qQg,Who should I test next? #trading #trader #daytrading #ict #tradingstrategy,20260409,https://www.youtube.com/watch?v=9mb6diq4qQg,70,1300,AVAILABLE,raw\9mb6diq4qQg\9mb6diq4qQg.en-orig.vtt,raw\9mb6diq4qQg\9mb6diq4qQg.info.json,2026-05-21T15:49:44.147735
9RMeN2VCUi8,"Start simple, add complexity later on #trading #trader #finance #algotrading",20260510,https://www.youtube.com/watch?v=9RMeN2VCUi8,22,1284,AVAILABLE,raw\9RMeN2VCUi8\9RMeN2VCUi8.en-orig.vtt,raw\9RMeN2VCUi8\9RMeN2VCUi8.info.json,2026-05-21T15:49:44.168799
9XArDoDAEzs,Where to get trading strategies ideas #trading #trader #daytrading #daytrader,20251220,https://www.youtube.com/watch?v=9XArDoDAEzs,14,1370,AVAILABLE,raw\9XArDoDAEzs\9XArDoDAEzs.en-orig.vtt,raw\9XArDoDAEzs\9XArDoDAEzs.info.json,2026-05-21T15:49:44.186425
@MatFinOg,MatFinOg,UNKNOWN,https://www.youtube.com/@MatFinOg,UNKNOWN,UNKNOWN,MISSING,NONE,raw\@MatFinOg\@MatFinOg.info.json,2026-05-21T15:49:44.206845
a6XFTUTay74,You either backtest it before trading or you shouldn’t trade it at all #tradinglesson #trader,20251217,https://www.youtube.com/watch?v=a6XFTUTay74,20,2119,AVAILABLE,raw\a6XFTUTay74\a6XFTUTay74.en-orig.vtt,raw\a6XFTUTay74\a6XFTUTay74.info.json,2026-05-21T15:49:44.234421
a7p8F74qW4E,#trading #trader #quant #finance #daytrading,20260504,https://www.youtube.com/watch?v=a7p8F74qW4E,24,862,AVAILABLE,raw\a7p8F74qW4E\a7p8F74qW4E.en-orig.vtt,raw\a7p8F74qW4E\a7p8F74qW4E.info.json,2026-05-21T15:49:44.259574
A8bBTREAa4I,Crazy to think about it #trading #trader #nasdaq #investing #money,20260513,https://www.youtube.com/watch?v=A8bBTREAa4I,11,721,AVAILABLE,raw\A8bBTREAa4I\A8bBTREAa4I.en-orig.vtt,raw\A8bBTREAa4I\A8bBTREAa4I.info.json,2026-05-21T15:49:44.713872
adY3F258IOg,Identifying the difference between the price and the value is the corner stone of finance #trading,20251228,https://www.youtube.com/watch?v=adY3F258IOg,49,1069,AVAILABLE,raw\adY3F258IOg\adY3F258IOg.en-orig.vtt,raw\adY3F258IOg\adY3F258IOg.info.json,2026-05-21T15:49:44.740246
amUzCR8vAuk,If your inputs are in robust areas you and you have signs of profitability out of sample ✅ #trading,20260119,https://www.youtube.com/watch?v=amUzCR8vAuk,38,302,AVAILABLE,raw\amUzCR8vAuk\amUzCR8vAuk.en-orig.vtt,raw\amUzCR8vAuk\amUzCR8vAuk.info.json,2026-05-21T15:49:44.768507
B3YKJ129pxA,This is the recipe to succeed in 2026 and the years to come #success #finance #business,20260511,https://www.youtube.com/watch?v=B3YKJ129pxA,42,246,MISSING,NONE,raw\B3YKJ129pxA\B3YKJ129pxA.info.json,2026-05-21T15:49:44.796305
B4rKs1Qfsew,"You cannot have chatgpt coding for you, and  you can change that. #trading #trader #coding",20260114,https://www.youtube.com/watch?v=B4rKs1Qfsew,12,494,MISSING,NONE,raw\B4rKs1Qfsew\B4rKs1Qfsew.info.json,2026-05-21T15:49:44.822356
bC57VrqZDvA,If you are trading opening range breakouts you need to listen to this #trading #trader #daytrading,20251212,https://www.youtube.com/watch?v=bC57VrqZDvA,33,2461,AVAILABLE,raw\bC57VrqZDvA\bC57VrqZDvA.en-orig.vtt,raw\bC57VrqZDvA\bC57VrqZDvA.info.json,2026-05-21T15:49:44.847644
bEGNOVe48s8,"Day 3, load the instrument data you want to develop your strategy on #trading #trader",20260103,https://www.youtube.com/watch?v=bEGNOVe48s8,16,717,AVAILABLE,raw\bEGNOVe48s8\bEGNOVe48s8.en-orig.vtt,raw\bEGNOVe48s8\bEGNOVe48s8.info.json,2026-05-21T15:49:44.874636
BgZZNXOWRJ4,The ending proofs that consistency always wins#trading #trader #math #mindset #motivation,20260519,https://www.youtube.com/watch?v=BgZZNXOWRJ4,11,6254,MISSING,NONE,raw\BgZZNXOWRJ4\BgZZNXOWRJ4.info.json,2026-05-21T15:49:44.938582
bI5JweJ2zK4,Considerations 5 days out #trading #treader #daytrading #stocktrading #stockmarket,20260125,https://www.youtube.com/watch?v=bI5JweJ2zK4,36,1203,AVAILABLE,raw\bI5JweJ2zK4\bI5JweJ2zK4.en-orig.vtt,raw\bI5JweJ2zK4\bI5JweJ2zK4.info.json,2026-05-21T15:49:44.957480
boSkIJ7rdhQ,"Just focus on your targets, and make them reasonable, no one will reward unreasonable trader #trader",20260518,https://www.youtube.com/watch?v=boSkIJ7rdhQ,18,777,AVAILABLE,raw\boSkIJ7rdhQ\boSkIJ7rdhQ.en-orig.vtt,raw\boSkIJ7rdhQ\boSkIJ7rdhQ.info.json,2026-05-21T15:49:44.979321
bWs616mrnl4,Working hard doesn’t entitle you anything is a requirement for success tough #motivation #trading,20251216,https://www.youtube.com/watch?v=bWs616mrnl4,10,542,MISSING,NONE,raw\bWs616mrnl4\bWs616mrnl4.info.json,2026-05-21T15:49:45.006707
Bz-0gtOSoGM,#orderflow #treader #trading #daytrading,20260202,https://www.youtube.com/watch?v=Bz-0gtOSoGM,10,1118,AVAILABLE,raw\Bz-0gtOSoGM\Bz-0gtOSoGM.en-orig.vtt,raw\Bz-0gtOSoGM\Bz-0gtOSoGM.info.json,2026-05-21T15:49:45.033983
BzP7JLr1NOI,For the beginner algotrader #trader #trading #beginnertrading #daytrading,20260309,https://www.youtube.com/watch?v=BzP7JLr1NOI,9,1218,AVAILABLE,raw\BzP7JLr1NOI\BzP7JLr1NOI.en-orig.vtt,raw\BzP7JLr1NOI\BzP7JLr1NOI.info.json,2026-05-21T15:49:45.058345
C0io_jg0-yE,What is alpha decay? #trading #trader #daytrading #tradingstrategy,20251210,https://www.youtube.com/watch?v=C0io_jg0-yE,23,2830,MISSING,NONE,raw\C0io_jg0-yE\C0io_jg0-yE.info.json,2026-05-21T15:49:45.083616
CaGI5D-_o1g,Trading rewards one skill #trading #trader #daytrading #finance #forextrading #xauusd,20251215,https://www.youtube.com/watch?v=CaGI5D-_o1g,24,1774,AVAILABLE,raw\CaGI5D-_o1g\CaGI5D-_o1g.en-orig.vtt,raw\CaGI5D-_o1g\CaGI5D-_o1g.info.json,2026-05-21T15:49:45.109156
cBhkEFXqHjc,"Strong character, healthy body, make money. Not the other way around #trading #motivation #money",20251212,https://www.youtube.com/watch?v=cBhkEFXqHjc,11,1993,AVAILABLE,raw\cBhkEFXqHjc\cBhkEFXqHjc.en-orig.vtt,raw\cBhkEFXqHjc\cBhkEFXqHjc.info.json,2026-05-21T15:49:45.523428
CcmM9fKF_lA,Where to find  historical time series for Options #trading #trader #optiontrading #tradingstrategy,20260112,https://www.youtube.com/watch?v=CcmM9fKF_lA,14,497,AVAILABLE,raw\CcmM9fKF_lA\CcmM9fKF_lA.en-orig.vtt,raw\CcmM9fKF_lA\CcmM9fKF_lA.info.json,2026-05-21T15:49:45.555088
cMK2T912QEM,Addiction or passion? #trading #trader #crypto #daytrading #stockmarket,20260103,https://www.youtube.com/watch?v=cMK2T912QEM,7,242,AVAILABLE,raw\cMK2T912QEM\cMK2T912QEM.en-orig.vtt,raw\cMK2T912QEM\cMK2T912QEM.info.json,2026-05-21T15:49:45.586047
cq9_2U7Eq7o,Did you know about its existence?#trading #trader #bloomberg #ai #finance,20260127,https://www.youtube.com/watch?v=cq9_2U7Eq7o,23,473,AVAILABLE,raw\cq9_2U7Eq7o\cq9_2U7Eq7o.en-orig.vtt,raw\cq9_2U7Eq7o\cq9_2U7Eq7o.info.json,2026-05-21T15:49:45.614196
Crb3lD2WKMg,What is overfitting #trading #trader #institutionaltrading #quant #daytrading,20260116,https://www.youtube.com/watch?v=Crb3lD2WKMg,53,620,AVAILABLE,raw\Crb3lD2WKMg\Crb3lD2WKMg.en-orig.vtt,raw\Crb3lD2WKMg\Crb3lD2WKMg.info.json,2026-05-21T15:49:45.642301
cWjs7HO-AG0,He is ambitious thiugh #trading #finance #education #stockmarket #trader,20260107,https://www.youtube.com/watch?v=cWjs7HO-AG0,9,1266,AVAILABLE,raw\cWjs7HO-AG0\cWjs7HO-AG0.en.vtt,raw\cWjs7HO-AG0\cWjs7HO-AG0.info.json,2026-05-21T15:49:45.669759
CWYXuxRJJzY,Giving retail traders the tools to trade like institutionals would #trading #trader,20251227,https://www.youtube.com/watch?v=CWYXuxRJJzY,5,1606,MISSING,NONE,raw\CWYXuxRJJzY\CWYXuxRJJzY.info.json,2026-05-21T15:49:45.700413
D8JTL2nr288,What you need to trade like an institutional trader. #Trading #trader #forex #daytrading,20260115,https://www.youtube.com/watch?v=D8JTL2nr288,15,589,AVAILABLE,raw\D8JTL2nr288\D8JTL2nr288.en-orig.vtt,raw\D8JTL2nr288\D8JTL2nr288.info.json,2026-05-21T15:49:45.726959
deZSSo8sD4I,Tradingview is not the best option in my opinion #tradingview #backtesting #trading #trader,20260508,https://www.youtube.com/watch?v=deZSSo8sD4I,19,1424,MISSING,NONE,raw\deZSSo8sD4I\deZSSo8sD4I.info.json,2026-05-21T15:49:45.756021
dMGdMqEnDhQ,Knowing what you are doing allows you to take better decisions #trading #trader #daytrading #stocks,20260128,https://www.youtube.com/watch?v=dMGdMqEnDhQ,40,608,AVAILABLE,raw\dMGdMqEnDhQ\dMGdMqEnDhQ.en-orig.vtt,raw\dMGdMqEnDhQ\dMGdMqEnDhQ.info.json,2026-05-21T15:49:45.785002
DmzhV5VV_K4,Do you want to play a game? #finance #trading #daytrading #investing #bank #stockmarket,20251211,https://www.youtube.com/watch?v=DmzhV5VV_K4,6,1840,MISSING,NONE,raw\DmzhV5VV_K4\DmzhV5VV_K4.info.json,2026-05-21T15:49:45.814404
dnV6AjUL28w,They tell you “you can trade from your phone” so they have a larger customers base #trading #trader,20260430,https://www.youtube.com/watch?v=dnV6AjUL28w,11,2039,MISSING,NONE,raw\dnV6AjUL28w\dnV6AjUL28w.info.json,2026-05-21T15:49:45.890720
duJo1VVVktE,How to maximize your chances to become an institutional #trader #trading #finance,20251230,https://www.youtube.com/watch?v=duJo1VVVktE,24,392,AVAILABLE,raw\duJo1VVVktE\duJo1VVVktE.en-orig.vtt,raw\duJo1VVVktE\duJo1VVVktE.info.json,2026-05-21T15:49:45.918812
DVqX97DDj7Q,How to find trading research papers for free #trading #trader #tradingstrategy #finance,20251221,https://www.youtube.com/watch?v=DVqX97DDj7Q,6,397,MISSING,NONE,raw\DVqX97DDj7Q\DVqX97DDj7Q.info.json,2026-05-21T15:49:45.949891
DxeFt7yIcqk,Making money consistently is about a well structured process #trading #trader #daytrading,20260520,https://www.youtube.com/watch?v=DxeFt7yIcqk,23,1132,AVAILABLE,raw\DxeFt7yIcqk\DxeFt7yIcqk.en-orig.vtt,raw\DxeFt7yIcqk\DxeFt7yIcqk.info.json,2026-05-21T15:49:45.976410
DY5InolEfrw,#trading #ai #trader #finance,20260221,https://www.youtube.com/watch?v=DY5InolEfrw,34,1169,AVAILABLE,raw\DY5InolEfrw\DY5InolEfrw.en-orig.vtt,raw\DY5InolEfrw\DY5InolEfrw.info.json,2026-05-21T15:49:45.999249
EH_0SCbu21M,Quick and simple overfitting check #trading #trader #daytrading #algotrading #stockmarket,20260117,https://www.youtube.com/watch?v=EH_0SCbu21M,46,972,AVAILABLE,raw\EH_0SCbu21M\EH_0SCbu21M.en-orig.vtt,raw\EH_0SCbu21M\EH_0SCbu21M.info.json,2026-05-21T15:49:46.026668
EL73akuHskc,Not all the 9 to 5 are the same. #trading #quant #corporatelife #corporate #finance,20260503,https://www.youtube.com/watch?v=EL73akuHskc,10,1979,MISSING,NONE,raw\EL73akuHskc\EL73akuHskc.info.json,2026-05-21T15:49:46.058427
enRucxedp-0,Some of them are easy to identify and to take advantage of #trading #trader #daytrading #finance,20260519,https://www.youtube.com/watch?v=enRucxedp-0,29,2210,AVAILABLE,raw\enRucxedp-0\enRucxedp-0.en-orig.vtt,raw\enRucxedp-0\enRucxedp-0.info.json,2026-05-21T15:49:46.085232
ESp_W1EBhUw,What would you do? #trading #daytrading #trader #finance,20251219,https://www.youtube.com/watch?v=ESp_W1EBhUw,11,80,AVAILABLE,raw\ESp_W1EBhUw\ESp_W1EBhUw.en-orig.vtt,raw\ESp_W1EBhUw\ESp_W1EBhUw.info.json,2026-05-21T15:49:46.522985
eTbm2XLvCCo,It is rare to see both market and dollar down #trading #trader #finance #stockmarket #investing,20260120,https://www.youtube.com/watch?v=eTbm2XLvCCo,15,1238,AVAILABLE,raw\eTbm2XLvCCo\eTbm2XLvCCo.en-orig.vtt,raw\eTbm2XLvCCo\eTbm2XLvCCo.info.json,2026-05-21T15:49:46.553811
EyWRboolNg4,Institutional trading starts before the first entry.#trading #trader #daytrading #stockmarket,20251219,https://www.youtube.com/watch?v=EyWRboolNg4,5,966,MISSING,NONE,raw\EyWRboolNg4\EyWRboolNg4.info.json,2026-05-21T15:49:46.579365
E_z4MbQWCxw,"An edge isn’t given by a setup, it’s obtained by a process. #trading #trader #daytrading #finance",20251215,https://www.youtube.com/watch?v=E_z4MbQWCxw,6,312,MISSING,NONE,raw\E_z4MbQWCxw\E_z4MbQWCxw.info.json,2026-05-21T15:49:46.609845
fDUnFPX24EM,"This already resulted in 2 people working with me, I’m sure there will be many more to come! #trader",20260509,https://www.youtube.com/watch?v=fDUnFPX24EM,44,300,AVAILABLE,raw\fDUnFPX24EM\fDUnFPX24EM.en-orig.vtt,raw\fDUnFPX24EM\fDUnFPX24EM.info.json,2026-05-21T15:49:46.635070
FriCXlHYaw4,2026 is all about Institutional grade trading #trading #trader #tradingstrategy #daytrading,20251224,https://www.youtube.com/watch?v=FriCXlHYaw4,10,300,MISSING,NONE,raw\FriCXlHYaw4\FriCXlHYaw4.info.json,2026-05-21T15:49:46.666817
FRiYXQ25Qns,2025 top 3 Hedge Funds #trading #trader #investing #stocktrading #stockmarket #forex,20260121,https://www.youtube.com/watch?v=FRiYXQ25Qns,42,567,AVAILABLE,raw\FRiYXQ25Qns\FRiYXQ25Qns.en-orig.vtt,raw\FRiYXQ25Qns\FRiYXQ25Qns.info.json,2026-05-21T15:49:46.696119
Fu67Vu_njuw,Dropping this in the private video series this weekend  #trading #trader #daytrading,20260128,https://www.youtube.com/watch?v=Fu67Vu_njuw,48,362,MISSING,NONE,raw\Fu67Vu_njuw\Fu67Vu_njuw.info.json,2026-05-21T15:49:46.725790
fV-w0AiZnsg,The grail is a set of uncorrelated strategies that makes you money every single month #trading,20260510,https://www.youtube.com/watch?v=fV-w0AiZnsg,15,1525,AVAILABLE,raw\fV-w0AiZnsg\fV-w0AiZnsg.en-orig.vtt,raw\fV-w0AiZnsg\fV-w0AiZnsg.info.json,2026-05-21T15:49:46.751789
FzRbVu1MqXk,Awareness is the antidote to emotions #trading #trader #daytrading #tradingstrategy #money,20260220,https://www.youtube.com/watch?v=FzRbVu1MqXk,16,1444,AVAILABLE,raw\FzRbVu1MqXk\FzRbVu1MqXk.en-orig.vtt,raw\FzRbVu1MqXk\FzRbVu1MqXk.info.json,2026-05-21T15:49:46.777797
G-28REaXfls,Overnight success I worked on for 10 years #trading #treader #daytrading #stocktrading,20251226,https://www.youtube.com/watch?v=G-28REaXfls,7,1422,MISSING,NONE,raw\G-28REaXfls\G-28REaXfls.info.json,2026-05-21T15:49:46.804323
G-pYL-zHcUw,#orderflow #trading #trader #stocktrading,20260210,https://www.youtube.com/watch?v=G-pYL-zHcUw,42,1094,AVAILABLE,raw\G-pYL-zHcUw\G-pYL-zHcUw.en-orig.vtt,raw\G-pYL-zHcUw\G-pYL-zHcUw.info.json,2026-05-21T15:49:46.830614
GAyFp-ctlzc,It’s a crusade by now #trading #trader #daytrading #money #finance,20260506,https://www.youtube.com/watch?v=GAyFp-ctlzc,32,1253,MISSING,NONE,raw\GAyFp-ctlzc\GAyFp-ctlzc.info.json,2026-05-21T15:49:46.864118
gGMSvvktvVk,#trading #trader #daytrading #daytrader #stockmarket,20260203,https://www.youtube.com/watch?v=gGMSvvktvVk,17,4155,AVAILABLE,raw\gGMSvvktvVk\gGMSvvktvVk.en-orig.vtt,raw\gGMSvvktvVk\gGMSvvktvVk.info.json,2026-05-21T15:49:46.892063
GmkWQCH7Elw,And you can learn and apply all of this too to your #trading  #treader #stockmarket #crypto,20260117,https://www.youtube.com/watch?v=GmkWQCH7Elw,16,1885,AVAILABLE,raw\GmkWQCH7Elw\GmkWQCH7Elw.en-orig.vtt,raw\GmkWQCH7Elw\GmkWQCH7Elw.info.json,2026-05-21T15:49:46.919971
gv0e9MWEvFk,Do you know how to size your position? #trading #trader #daytrading #daytrader #stocktrading,20260123,https://www.youtube.com/watch?v=gv0e9MWEvFk,47,959,AVAILABLE,raw\gv0e9MWEvFk\gv0e9MWEvFk.en-orig.vtt,raw\gv0e9MWEvFk\gv0e9MWEvFk.info.json,2026-05-21T15:49:46.945372
GXsExPzpyhU,How to start automating your #trading strategies #algotrading #trader #daytrading,20260516,https://www.youtube.com/watch?v=GXsExPzpyhU,24,862,AVAILABLE,raw\GXsExPzpyhU\GXsExPzpyhU.en-orig.vtt,raw\GXsExPzpyhU\GXsExPzpyhU.info.json,2026-05-21T15:49:46.973534
GxZjgeHoBos,"How to start with algotrading in 30 days, full process link in bio #trading #trader #tradingstrategy",20260101,https://www.youtube.com/watch?v=GxZjgeHoBos,45,1669,AVAILABLE,raw\GxZjgeHoBos\GxZjgeHoBos.en-orig.vtt,raw\GxZjgeHoBos\GxZjgeHoBos.info.json,2026-05-21T15:49:47.002324
g_P0ihKZz2g,#trading #trader #daytrading #stocktrading,20260215,https://www.youtube.com/watch?v=g_P0ihKZz2g,16,1432,AVAILABLE,raw\g_P0ihKZz2g\g_P0ihKZz2g.en-orig.vtt,raw\g_P0ihKZz2g\g_P0ihKZz2g.info.json,2026-05-21T15:49:47.029978
HGbS96RaNxU,You don’t need drones to collect alternative data #tradingtips #trading #hedgefund #tradingstrategy,20260216,https://www.youtube.com/watch?v=HGbS96RaNxU,10,2335,AVAILABLE,raw\HGbS96RaNxU\HGbS96RaNxU.en-orig.vtt,raw\HGbS96RaNxU\HGbS96RaNxU.info.json,2026-05-21T15:49:47.060329
Hivlpc7kW64,She lied #trading #trader #daytrading #money #finance,20260107,https://www.youtube.com/watch?v=Hivlpc7kW64,9,980,MISSING,NONE,raw\Hivlpc7kW64\Hivlpc7kW64.info.json,2026-05-21T15:49:47.090941
hKGjm1zlmIA,It’s the thought that counts 🎄🎅🏼#christmas #presents #trading #money,20251221,https://www.youtube.com/watch?v=hKGjm1zlmIA,6,691,MISSING,NONE,raw\hKGjm1zlmIA\hKGjm1zlmIA.info.json,2026-05-21T15:49:47.122386
hM62syeUOnk,"Set goals, and break your own expectations.#trading #trader #motivation #tradinglifestyle #finance",20260101,https://www.youtube.com/watch?v=hM62syeUOnk,8,80,MISSING,NONE,raw\hM62syeUOnk\hM62syeUOnk.info.json,2026-05-21T15:49:47.154872
i9Ph3urJ1_o,I’m sure AI can code your trading strategy #trading #trader #finance #daytrading #investing,20260511,https://www.youtube.com/watch?v=i9Ph3urJ1_o,18,705,MISSING,NONE,raw\i9Ph3urJ1_o\i9Ph3urJ1_o.info.json,2026-05-21T15:49:47.181611
IbYxgtopuy8,For Christmas 😅 The truth: you don’t need a fancy set up to trade like an institutional #trader,20251223,https://www.youtube.com/watch?v=IbYxgtopuy8,8,1103,MISSING,NONE,raw\IbYxgtopuy8\IbYxgtopuy8.info.json,2026-05-21T15:49:47.208928
IClE1VGtLbY,#Finance degree in Europe gives you a strong theoretical foundation but zero practice #trading,20260118,https://www.youtube.com/watch?v=IClE1VGtLbY,21,731,AVAILABLE,raw\IClE1VGtLbY\IClE1VGtLbY.en-orig.vtt,raw\IClE1VGtLbY\IClE1VGtLbY.info.json,2026-05-21T15:49:47.236243
IJQSUVaQZRw,know which one are the three most important statistics when backtesting your #tradingstrategy,20260112,https://www.youtube.com/watch?v=IJQSUVaQZRw,63,396,AVAILABLE,raw\IJQSUVaQZRw\IJQSUVaQZRw.en-orig.vtt,raw\IJQSUVaQZRw\IJQSUVaQZRw.info.json,2026-05-21T15:49:47.264674
iM2sSg6_1S4,As long as you use them to learn and not to get rich prop firms can be useful. #trader #propfirms,20251228,https://www.youtube.com/watch?v=iM2sSg6_1S4,37,1248,AVAILABLE,raw\iM2sSg6_1S4\iM2sSg6_1S4.en-orig.vtt,raw\iM2sSg6_1S4\iM2sSg6_1S4.info.json,2026-05-21T15:49:47.292389
io7kt-88C34,TJR exposed #trading #trader #tjr #tradingstrategy #ict,20260412,https://www.youtube.com/watch?v=io7kt-88C34,56,962,AVAILABLE,raw\io7kt-88C34\io7kt-88C34.en-orig.vtt,raw\io7kt-88C34\io7kt-88C34.info.json,2026-05-21T15:49:47.320161
IsIVdPPfRsM,Only YOU can do the work YOU need to reach the results YOU want. #trading #daytrading #motivation,20251214,https://www.youtube.com/watch?v=IsIVdPPfRsM,19,718,MISSING,NONE,raw\IsIVdPPfRsM\IsIVdPPfRsM.info.json,2026-05-21T15:49:47.349978
JBuBK4lqBE4,"Starting is important, staying consistent for the full year is everything #trading #trader",20251231,https://www.youtube.com/watch?v=JBuBK4lqBE4,23,181,AVAILABLE,raw\JBuBK4lqBE4\JBuBK4lqBE4.en-orig.vtt,raw\JBuBK4lqBE4\JBuBK4lqBE4.info.json,2026-05-21T15:49:47.375286
JC1yAmRV0O4,Either you evolve or pay for it #trading #business #ai #trader,20260515,https://www.youtube.com/watch?v=JC1yAmRV0O4,17,1930,AVAILABLE,raw\JC1yAmRV0O4\JC1yAmRV0O4.en-orig.vtt,raw\JC1yAmRV0O4\JC1yAmRV0O4.info.json,2026-05-21T15:49:47.401281
JDizrhsqlck,Ready for what’s next. #trading #finance #trader #money #motivation,20251231,https://www.youtube.com/watch?v=JDizrhsqlck,11,337,MISSING,NONE,raw\JDizrhsqlck\JDizrhsqlck.info.json,2026-05-21T15:49:47.471416
JfCj1wwjuic,#trading #trader #stocktrading #stocks,20260207,https://www.youtube.com/watch?v=JfCj1wwjuic,28,1252,AVAILABLE,raw\JfCj1wwjuic\JfCj1wwjuic.en-orig.vtt,raw\JfCj1wwjuic\JfCj1wwjuic.info.json,2026-05-21T15:49:47.498436
jMahR2m41G8,Leverage AI to your trading strategy research process #trading #trader #daytrading #tradingstrategy,20260517,https://www.youtube.com/watch?v=jMahR2m41G8,40,684,AVAILABLE,raw\jMahR2m41G8\jMahR2m41G8.en-orig.vtt,raw\jMahR2m41G8\jMahR2m41G8.info.json,2026-05-21T15:49:47.526415
JMphTG4anHA,What is your favorite VPS provider? #trading #tech #vps #cloudcomputing,20251214,https://www.youtube.com/watch?v=JMphTG4anHA,15,342,AVAILABLE,raw\JMphTG4anHA\JMphTG4anHA.en-orig.vtt,raw\JMphTG4anHA\JMphTG4anHA.info.json,2026-05-21T15:49:47.554657
jN-b-NT3mWE,Strategies based on insider activity has been for years very effective #trading #investing #trader,20260509,https://www.youtube.com/watch?v=jN-b-NT3mWE,24,1816,AVAILABLE,raw\jN-b-NT3mWE\jN-b-NT3mWE.en-orig.vtt,raw\jN-b-NT3mWE\jN-b-NT3mWE.info.json,2026-05-21T15:49:47.582489
JrDxvFH9yQE,The key is marginal improvements. #trading #motivation  #selfimprovement #personalgrowth,20260105,https://www.youtube.com/watch?v=JrDxvFH9yQE,26,1368,AVAILABLE,raw\JrDxvFH9yQE\JrDxvFH9yQE.en-orig.vtt,raw\JrDxvFH9yQE\JrDxvFH9yQE.info.json,2026-05-21T15:49:47.607734
JrQXx7Wngrc,Manually trading on charts is a trap #trader #trading #daytrading #stockmarket #orderflow,20260228,https://www.youtube.com/watch?v=JrQXx7Wngrc,18,2218,AVAILABLE,raw\JrQXx7Wngrc\JrQXx7Wngrc.en-orig.vtt,raw\JrQXx7Wngrc\JrQXx7Wngrc.info.json,2026-05-21T15:49:47.636004
JUNtUqH-HBE,Today we need to define an exit condition.#trading #trader #tradingstrategy #algotrader #daytrading,20260105,https://www.youtube.com/watch?v=JUNtUqH-HBE,37,716,AVAILABLE,raw\JUNtUqH-HBE\JUNtUqH-HBE.en-orig.vtt,raw\JUNtUqH-HBE\JUNtUqH-HBE.info.json,2026-05-21T15:49:47.664492
kA1yM1QCCDA,Being aware and not being a victim of the Market is what makes the difference .#trading #trader,20260508,https://www.youtube.com/watch?v=kA1yM1QCCDA,32,935,AVAILABLE,raw\kA1yM1QCCDA\kA1yM1QCCDA.en-orig.vtt,raw\kA1yM1QCCDA\kA1yM1QCCDA.info.json,2026-05-21T15:49:47.689838
kBTZcjXzmtw,The most bullish fund on earth #trading #trader #hedgefund #ai #stockmarket,20260520,https://www.youtube.com/watch?v=kBTZcjXzmtw,38,580,AVAILABLE,raw\kBTZcjXzmtw\kBTZcjXzmtw.en-orig.vtt,raw\kBTZcjXzmtw\kBTZcjXzmtw.info.json,2026-05-21T15:49:47.717055
kD2HGkpdW2w,Get access to data few have #trading #trader #daytrading #tradingstrategy #stockmarket,20251223,https://www.youtube.com/watch?v=kD2HGkpdW2w,20,302,AVAILABLE,raw\kD2HGkpdW2w\kD2HGkpdW2w.en-orig.vtt,raw\kD2HGkpdW2w\kD2HGkpdW2w.info.json,2026-05-21T15:49:47.744856
kh0tIGxkF6Y,How to avoid overfitting (aka fooling yourself) when developing a #trading strategy #trader,20251230,https://www.youtube.com/watch?v=kh0tIGxkF6Y,21,103,AVAILABLE,raw\kh0tIGxkF6Y\kh0tIGxkF6Y.en-orig.vtt,raw\kh0tIGxkF6Y\kh0tIGxkF6Y.info.json,2026-05-21T15:49:47.772021
kHdABR7ktmw,#trading #trader #daytrading #finance #tradingstrategy,20260503,https://www.youtube.com/watch?v=kHdABR7ktmw,23,1732,MISSING,NONE,raw\kHdABR7ktmw\kHdABR7ktmw.info.json,2026-05-21T15:49:47.800665
kmOZSRTrpLM,Be delusional and believe in yourself.  #trader #motivation #motivationalquotes #tradingmotivation,20260430,https://www.youtube.com/watch?v=kmOZSRTrpLM,18,1454,AVAILABLE,raw\kmOZSRTrpLM\kmOZSRTrpLM.en-orig.vtt,raw\kmOZSRTrpLM\kmOZSRTrpLM.info.json,2026-05-21T15:49:47.827514
KWroqpJ-zvA,"Entry and exit conditions added, now remember to include a takeprofit and stoploss #trading #trader",20260106,https://www.youtube.com/watch?v=KWroqpJ-zvA,34,1352,AVAILABLE,raw\KWroqpJ-zvA\KWroqpJ-zvA.en-orig.vtt,raw\KWroqpJ-zvA\KWroqpJ-zvA.info.json,2026-05-21T15:49:47.854703
LHvIwnp9ZCs,You are the victim of decades of lies #trading #trader #daytrading #finance,20260507,https://www.youtube.com/watch?v=LHvIwnp9ZCs,21,1873,MISSING,NONE,raw\LHvIwnp9ZCs\LHvIwnp9ZCs.info.json,2026-05-21T15:49:47.883178
loUKVL_v2Ug,There is a big difference that you need to know between easy and simple#trading #trader #daytrading,20260508,https://www.youtube.com/watch?v=loUKVL_v2Ug,8,1263,AVAILABLE,raw\loUKVL_v2Ug\loUKVL_v2Ug.en-orig.vtt,raw\loUKVL_v2Ug\loUKVL_v2Ug.info.json,2026-05-21T15:49:47.911198
lTdlQVta4As,#trading #trader #daytrading #tradingstrategy #finance,20260502,https://www.youtube.com/watch?v=lTdlQVta4As,20,860,MISSING,NONE,raw\lTdlQVta4As\lTdlQVta4As.info.json,2026-05-21T15:49:47.939939
LtpzFu_sHfk,#trading #trader #quant #tradingstrategy #daytrading,20260302,https://www.youtube.com/watch?v=LtpzFu_sHfk,18,1266,AVAILABLE,raw\LtpzFu_sHfk\LtpzFu_sHfk.en-orig.vtt,raw\LtpzFu_sHfk\LtpzFu_sHfk.info.json,2026-05-21T15:49:47.964421
Ma6OM8CDylg,B-ALL-IN #ballin #motivation #balling #trading #tradingmotivation,20260104,https://www.youtube.com/watch?v=Ma6OM8CDylg,11,1450,AVAILABLE,raw\Ma6OM8CDylg\Ma6OM8CDylg.en-orig.vtt,raw\Ma6OM8CDylg\Ma6OM8CDylg.info.json,2026-05-21T15:49:48.425385
mBUw8ViXQ2A,For how long have you been #trading for? #trader #finance #money,20260110,https://www.youtube.com/watch?v=mBUw8ViXQ2A,9,1305,MISSING,NONE,raw\mBUw8ViXQ2A\mBUw8ViXQ2A.info.json,2026-05-21T15:49:48.456942
mcCbaglNCtI,There is many ways to make a lot of money #trader #lawyer #career #careerpath #money,20260515,https://www.youtube.com/watch?v=mcCbaglNCtI,14,1001,AVAILABLE,raw\mcCbaglNCtI\mcCbaglNCtI.en-orig.vtt,raw\mcCbaglNCtI\mcCbaglNCtI.info.json,2026-05-21T15:49:48.482701
mDBtiztq9gg,Which one are you? #trading #trader #daytrading #stocktrading,20260128,https://www.youtube.com/watch?v=mDBtiztq9gg,14,751,AVAILABLE,raw\mDBtiztq9gg\mDBtiztq9gg.en-orig.vtt,raw\mDBtiztq9gg\mDBtiztq9gg.info.json,2026-05-21T15:49:48.507200
Mhd0gy_HWxI,The book is what I wish I had before stepping on the trading floor for the first time. #trading,20251219,https://www.youtube.com/watch?v=Mhd0gy_HWxI,19,1206,AVAILABLE,raw\Mhd0gy_HWxI\Mhd0gy_HWxI.en-orig.vtt,raw\Mhd0gy_HWxI\Mhd0gy_HWxI.info.json,2026-05-21T15:49:48.534985
mJwjh_chGA4,#trading #trader #stocktrading #forex #daytrading,20260123,https://www.youtube.com/watch?v=mJwjh_chGA4,7,937,AVAILABLE,raw\mJwjh_chGA4\mJwjh_chGA4.en-orig.vtt,raw\mJwjh_chGA4\mJwjh_chGA4.info.json,2026-05-21T15:49:48.565419
MN1Hz4IcXxE,If you don’t start browsing around my page #trading #trader #daytrading,20251222,https://www.youtube.com/watch?v=MN1Hz4IcXxE,10,588,AVAILABLE,raw\MN1Hz4IcXxE\MN1Hz4IcXxE.en.vtt,raw\MN1Hz4IcXxE\MN1Hz4IcXxE.info.json,2026-05-21T15:49:48.591721
mpl8Y155KeE,Auto trading is enabled now what we have left is waiting for the market to open on Monday #trading,20260124,https://www.youtube.com/watch?v=mpl8Y155KeE,28,544,AVAILABLE,raw\mpl8Y155KeE\mpl8Y155KeE.en-orig.vtt,raw\mpl8Y155KeE\mpl8Y155KeE.info.json,2026-05-21T15:49:48.617089
MPTLH7qgqH0,#trading #trader #daytrading #finance #money #tradingquotes,20260506,https://www.youtube.com/watch?v=MPTLH7qgqH0,9,1708,AVAILABLE,raw\MPTLH7qgqH0\MPTLH7qgqH0.en-orig.vtt,raw\MPTLH7qgqH0\MPTLH7qgqH0.info.json,2026-05-21T15:49:48.643518
mSk6tQ6p-Xg,Learn how to develop your own trading strategies #trading #trader #daytrading #daytrader,20260517,https://www.youtube.com/watch?v=mSk6tQ6p-Xg,14,2147,AVAILABLE,raw\mSk6tQ6p-Xg\mSk6tQ6p-Xg.en-orig.vtt,raw\mSk6tQ6p-Xg\mSk6tQ6p-Xg.info.json,2026-05-21T15:49:48.668873
n-gBw4DshXs,Free trading research commenting EDGE on this reel on Instagram #trading #trader #tradingstrategy,20260518,https://www.youtube.com/watch?v=n-gBw4DshXs,31,1002,AVAILABLE,raw\n-gBw4DshXs\n-gBw4DshXs.en-orig.vtt,raw\n-gBw4DshXs\n-gBw4DshXs.info.json,2026-05-21T15:49:48.694026
n6z4X34uJ2w,You can’t expect to have the results of the 1% doing what the 99% does.#trading #forex  #stockmarket,20260113,https://www.youtube.com/watch?v=n6z4X34uJ2w,30,1101,AVAILABLE,raw\n6z4X34uJ2w\n6z4X34uJ2w.en-orig.vtt,raw\n6z4X34uJ2w\n6z4X34uJ2w.info.json,2026-05-21T15:49:48.720460
n8hcRpBPNxg,If you get anything out of this video follow and have a look around #trading #trader #daytrading,20251231,https://www.youtube.com/watch?v=n8hcRpBPNxg,29,266,AVAILABLE,raw\n8hcRpBPNxg\n8hcRpBPNxg.en-orig.vtt,raw\n8hcRpBPNxg\n8hcRpBPNxg.info.json,2026-05-21T15:49:48.748345
nc54PhWhZJE,How to run an interpret a Montecarlo analysis on Multicharts #trading #trader #algotrading #stocks,20260115,https://www.youtube.com/watch?v=nc54PhWhZJE,67,780,AVAILABLE,raw\nc54PhWhZJE\nc54PhWhZJE.en-orig.vtt,raw\nc54PhWhZJE\nc54PhWhZJE.info.json,2026-05-21T15:49:48.778330
NjMSVY3tTEE,You can #backtest anything you want to and that’s why you should #trading #daytrading #treader,20251217,https://www.youtube.com/watch?v=NjMSVY3tTEE,40,1516,AVAILABLE,raw\NjMSVY3tTEE\NjMSVY3tTEE.en-orig.vtt,raw\NjMSVY3tTEE\NjMSVY3tTEE.info.json,2026-05-21T15:49:48.808270
nUviJcgm25o,How to stop emotional trading #trading #trader #daytrading #stockmarket,20251211,https://www.youtube.com/watch?v=nUviJcgm25o,19,2012,AVAILABLE,raw\nUviJcgm25o\nUviJcgm25o.en-orig.vtt,raw\nUviJcgm25o\nUviJcgm25o.info.json,2026-05-21T15:49:48.833609
nzTDI18LSQ8,How can you think to be a good trader if you don’t know this? #trading #trader #daytrading,20260512,https://www.youtube.com/watch?v=nzTDI18LSQ8,30,1274,AVAILABLE,raw\nzTDI18LSQ8\nzTDI18LSQ8.en-orig.vtt,raw\nzTDI18LSQ8\nzTDI18LSQ8.info.json,2026-05-21T15:49:48.859527
o5hZO_rMhBw,It is all about the methodologies and approaches you apply #trader #trading,20260106,https://www.youtube.com/watch?v=o5hZO_rMhBw,11,1429,MISSING,NONE,raw\o5hZO_rMhBw\o5hZO_rMhBw.info.json,2026-05-21T15:49:48.935103
oci2Xa1qZZc,You choose the prop firm and I’ll show you how to set it #trading #trader #algotrader #stockmarket,20260121,https://www.youtube.com/watch?v=oci2Xa1qZZc,35,775,AVAILABLE,raw\oci2Xa1qZZc\oci2Xa1qZZc.en-orig.vtt,raw\oci2Xa1qZZc\oci2Xa1qZZc.info.json,2026-05-21T15:49:48.961205
od-RMjpRHLQ,That’s truly invaluable. #trading #trader #algotrading #institutionaltrading #finance,20260509,https://www.youtube.com/watch?v=od-RMjpRHLQ,27,1376,MISSING,NONE,raw\od-RMjpRHLQ\od-RMjpRHLQ.info.json,2026-05-21T15:49:48.989712
OeBAhsR7K4A,How to connect your propfirm account to Multicharts #trader #trading #daytrading #stockmarket,20260122,https://www.youtube.com/watch?v=OeBAhsR7K4A,43,1625,AVAILABLE,raw\OeBAhsR7K4A\OeBAhsR7K4A.en-orig.vtt,raw\OeBAhsR7K4A\OeBAhsR7K4A.info.json,2026-05-21T15:49:49.018341
OesU35AbfNg,Learn how to backtest properly and automate your trades #trading #trader,20251227,https://www.youtube.com/watch?v=OesU35AbfNg,11,477,AVAILABLE,raw\OesU35AbfNg\OesU35AbfNg.en.vtt,raw\OesU35AbfNg\OesU35AbfNg.info.json,2026-05-21T15:49:49.446874
opsJ_imk4XQ,How going from chart drawing to analyzing the data feels #trading #trading,20251214,https://www.youtube.com/watch?v=opsJ_imk4XQ,10,692,AVAILABLE,raw\opsJ_imk4XQ\opsJ_imk4XQ.en-orig.vtt,raw\opsJ_imk4XQ\opsJ_imk4XQ.info.json,2026-05-21T15:49:49.475209
OPylb_Jr-J8,How to use indicators for trading (institutional trader edition) #trading #trader #tradingstrategy,20260108,https://www.youtube.com/watch?v=OPylb_Jr-J8,35,1142,AVAILABLE,raw\OPylb_Jr-J8\OPylb_Jr-J8.en-orig.vtt,raw\OPylb_Jr-J8\OPylb_Jr-J8.info.json,2026-05-21T15:49:49.499298
p-dyepJX69w,backtest a simplified version of your strategy to test the ground for actual profitability #trading,20251216,https://www.youtube.com/watch?v=p-dyepJX69w,6,593,MISSING,NONE,raw\p-dyepJX69w\p-dyepJX69w.info.json,2026-05-21T15:49:49.528599
P6PErii1Cio,Always know what your algorithmic strategies are doing #trading #tradingstrategy #algotrading,20251212,https://www.youtube.com/watch?v=P6PErii1Cio,7,1649,MISSING,NONE,raw\P6PErii1Cio\P6PErii1Cio.info.json,2026-05-21T15:49:49.555501
pcTMOg9osZ8,Do you understand how ridiculous is trading manually something like this?#trading #trader,20260126,https://www.youtube.com/watch?v=pcTMOg9osZ8,63,826,AVAILABLE,raw\pcTMOg9osZ8\pcTMOg9osZ8.en-orig.vtt,raw\pcTMOg9osZ8\pcTMOg9osZ8.info.json,2026-05-21T15:49:49.582911
pi32TlknVb0,Before he was “backtesting” scrolling the chart #trading #trader #daytrading #stockmarket #money,20260131,https://www.youtube.com/watch?v=pi32TlknVb0,8,268,AVAILABLE,raw\pi32TlknVb0\pi32TlknVb0.en-orig.vtt,raw\pi32TlknVb0\pi32TlknVb0.info.json,2026-05-21T15:49:49.610471
PoflsTkXrQ0,Leverage AI to trade like an institutional trader #trading #trader #daytrading #finance #ai,20260514,https://www.youtube.com/watch?v=PoflsTkXrQ0,18,1564,AVAILABLE,raw\PoflsTkXrQ0\PoflsTkXrQ0.en-orig.vtt,raw\PoflsTkXrQ0\PoflsTkXrQ0.info.json,2026-05-21T15:49:49.637349
PWtkI_0Ad34,Where to find your edge as a retail trader #trading #trader #tradingstrategy #daytrading,20251222,https://www.youtube.com/watch?v=PWtkI_0Ad34,11,285,AVAILABLE,raw\PWtkI_0Ad34\PWtkI_0Ad34.en-orig.vtt,raw\PWtkI_0Ad34\PWtkI_0Ad34.info.json,2026-05-21T15:49:50.074253
Q1NzUmrRCfc,Link in bio #trading #trader #daytrading,20251227,https://www.youtube.com/watch?v=Q1NzUmrRCfc,25,336,MISSING,NONE,raw\Q1NzUmrRCfc\Q1NzUmrRCfc.info.json,2026-05-21T15:49:50.106630
Q3O5eZLHVeA,Comlexity is overrated (as a beginner) #trading #trader #tradingstrategy #daytrading,20260517,https://www.youtube.com/watch?v=Q3O5eZLHVeA,14,235,AVAILABLE,raw\Q3O5eZLHVeA\Q3O5eZLHVeA.en-orig.vtt,raw\Q3O5eZLHVeA\Q3O5eZLHVeA.info.json,2026-05-21T15:49:50.132901
q49Gshep5PQ,Reminder a 200% implied volatility can point to the downside too 📉#silver #trading #trader #gold,20260131,https://www.youtube.com/watch?v=q49Gshep5PQ,7,1912,AVAILABLE,raw\q49Gshep5PQ\q49Gshep5PQ.en-orig.vtt,raw\q49Gshep5PQ\q49Gshep5PQ.info.json,2026-05-21T15:49:50.161150
QcVFfN0XcXY,AlexG exposed #trading #trader #daytrading #forextrading,20260512,https://www.youtube.com/watch?v=QcVFfN0XcXY,27,2282,MISSING,NONE,raw\QcVFfN0XcXY\QcVFfN0XcXY.info.json,2026-05-21T15:49:50.189420
qD_gaSlr9hI,"For the 2 people watching this on YT, I appreciate you and let me know if it is helpful #trading",20260114,https://www.youtube.com/watch?v=qD_gaSlr9hI,77,715,AVAILABLE,raw\qD_gaSlr9hI\qD_gaSlr9hI.en-orig.vtt,raw\qD_gaSlr9hI\qD_gaSlr9hI.info.json,2026-05-21T15:49:50.214300
qwll2wgX1Aw,"Most likely, but…#trading #ai #artificialintelligence #finance #investing",20260212,https://www.youtube.com/watch?v=qwll2wgX1Aw,18,758,AVAILABLE,raw\qwll2wgX1Aw\qwll2wgX1Aw.en-orig.vtt,raw\qwll2wgX1Aw\qwll2wgX1Aw.info.json,2026-05-21T15:49:50.241972
rDX58U_Y3Cw,Gone in 3 weeks. #trading #trader #finance #daytrading #tradingeducation,20260108,https://www.youtube.com/watch?v=rDX58U_Y3Cw,10,1282,AVAILABLE,raw\rDX58U_Y3Cw\rDX58U_Y3Cw.en-orig.vtt,raw\rDX58U_Y3Cw\rDX58U_Y3Cw.info.json,2026-05-21T15:49:50.270409
rhnGYUyWqxE,Build and trust your knowledge #trading #trader #warrenbuffett #finance #quotes,20251222,https://www.youtube.com/watch?v=rhnGYUyWqxE,15,1352,AVAILABLE,raw\rhnGYUyWqxE\rhnGYUyWqxE.en-orig.vtt,raw\rhnGYUyWqxE\rhnGYUyWqxE.info.json,2026-05-21T15:49:50.298944
rjRW_uwBT3E,"Being passive is your choice, fugg or get fugged #trading #trader #daytrading #stockmarket #ict",20260212,https://www.youtube.com/watch?v=rjRW_uwBT3E,16,1171,AVAILABLE,raw\rjRW_uwBT3E\rjRW_uwBT3E.en-orig.vtt,raw\rjRW_uwBT3E\rjRW_uwBT3E.info.json,2026-05-21T15:49:50.331094
rNC90QEgp-Q,The Trading Strategy That Made HUNDREDS of MILLIONS (And Why It's SIMPLE),20260517,https://www.youtube.com/watch?v=rNC90QEgp-Q,547,10904,AVAILABLE,raw\rNC90QEgp-Q\rNC90QEgp-Q.en-orig.vtt,raw\rNC90QEgp-Q\rNC90QEgp-Q.info.json,2026-05-21T15:49:50.355773
RnYIlda-V8I,"Day 2, we don’t trade on charts we trade on data, so important selecting the right one #trading",20260102,https://www.youtube.com/watch?v=RnYIlda-V8I,36,462,AVAILABLE,raw\RnYIlda-V8I\RnYIlda-V8I.en-orig.vtt,raw\RnYIlda-V8I\RnYIlda-V8I.info.json,2026-05-21T15:49:50.384577
Rv-Gee1-jMY,That’s a very good reason why you should learn how to automate your #trading #trader #trading,20260104,https://www.youtube.com/watch?v=Rv-Gee1-jMY,35,371,AVAILABLE,raw\Rv-Gee1-jMY\Rv-Gee1-jMY.en-orig.vtt,raw\Rv-Gee1-jMY\Rv-Gee1-jMY.info.json,2026-05-21T15:49:50.409990
rwWEW-JUDAs,One in particular was introduced for the first time in 1968 and still valid today #trading #trader,20260519,https://www.youtube.com/watch?v=rwWEW-JUDAs,11,2315,AVAILABLE,raw\rwWEW-JUDAs\rwWEW-JUDAs.en-orig.vtt,raw\rwWEW-JUDAs\rwWEW-JUDAs.info.json,2026-05-21T15:49:50.860890
s2mzq6eOjeY,Best performing large hedge funds for 2025 #trading #trader #finance #hedgefund #stockmarkets,20260103,https://www.youtube.com/watch?v=s2mzq6eOjeY,26,1288,MISSING,NONE,raw\s2mzq6eOjeY\s2mzq6eOjeY.info.json,2026-05-21T15:49:50.889445
sfS_hUjxuAQ,#trading #trader #daytrading #finance #tradingstrategy,20260503,https://www.youtube.com/watch?v=sfS_hUjxuAQ,20,1174,AVAILABLE,raw\sfS_hUjxuAQ\sfS_hUjxuAQ.en-orig.vtt,raw\sfS_hUjxuAQ\sfS_hUjxuAQ.info.json,2026-05-21T15:49:50.914289
sh1tWvU-hew,Just filming to deduct the dinner as business expense #trading #trader #daytrading #tax,20251229,https://www.youtube.com/watch?v=sh1tWvU-hew,7,603,AVAILABLE,raw\sh1tWvU-hew\sh1tWvU-hew.en.vtt,raw\sh1tWvU-hew\sh1tWvU-hew.info.json,2026-05-21T15:49:50.942100
Skov-_YZhWo,Master this to get into the top 0.1% of traders #trading #trader #daytrading #finance #swingtrading,20260507,https://www.youtube.com/watch?v=Skov-_YZhWo,24,1589,AVAILABLE,raw\Skov-_YZhWo\Skov-_YZhWo.en-orig.vtt,raw\Skov-_YZhWo\Skov-_YZhWo.info.json,2026-05-21T15:49:50.967039
skrIIo2CUdQ,The only way to win big on prediction markets #trading #business #businessideas,20260501,https://www.youtube.com/watch?v=skrIIo2CUdQ,20,1720,AVAILABLE,raw\skrIIo2CUdQ\skrIIo2CUdQ.en-orig.vtt,raw\skrIIo2CUdQ\skrIIo2CUdQ.info.json,2026-05-21T15:49:50.991809
SOroAUKgqIY,Mind the exit logic of your #tradingstrategy #trader #trading,20260109,https://www.youtube.com/watch?v=SOroAUKgqIY,54,926,AVAILABLE,raw\SOroAUKgqIY\SOroAUKgqIY.en-orig.vtt,raw\SOroAUKgqIY\SOroAUKgqIY.info.json,2026-05-21T15:49:51.016425
SPqztAsaBw4,FYI #trading #trader #ict #orderflow,20260210,https://www.youtube.com/watch?v=SPqztAsaBw4,22,685,AVAILABLE,raw\SPqztAsaBw4\SPqztAsaBw4.en-orig.vtt,raw\SPqztAsaBw4\SPqztAsaBw4.info.json,2026-05-21T15:49:51.040025
sR-wShuMRh0,#trading #trader #daytrading #daytrader #tradingstrategy,20260127,https://www.youtube.com/watch?v=sR-wShuMRh0,55,641,AVAILABLE,raw\sR-wShuMRh0\sR-wShuMRh0.en-orig.vtt,raw\sR-wShuMRh0\sR-wShuMRh0.info.json,2026-05-21T15:49:51.062572
SxsP9U-wiWg,The best trading tool is not trading view #trading #trader #finance #institutionaltrading,20260507,https://www.youtube.com/watch?v=SxsP9U-wiWg,35,1367,MISSING,NONE,raw\SxsP9U-wiWg\SxsP9U-wiWg.info.json,2026-05-21T15:49:51.088156
Syxvgoh_YEY,98% of institutionalized trading is automated. You have the chance to catch up today. #trading,20251226,https://www.youtube.com/watch?v=Syxvgoh_YEY,14,401,AVAILABLE,raw\Syxvgoh_YEY\Syxvgoh_YEY.en-orig.vtt,raw\Syxvgoh_YEY\Syxvgoh_YEY.info.json,2026-05-21T15:49:51.111561
t9lp01yf7WU,Tradertom exposed #trading #trader #daytrading,20260414,https://www.youtube.com/watch?v=t9lp01yf7WU,56,1384,AVAILABLE,raw\t9lp01yf7WU\t9lp01yf7WU.en-orig.vtt,raw\t9lp01yf7WU\t9lp01yf7WU.info.json,2026-05-21T15:49:51.135194
TctlHEpiGIo,If you want a career as trader for an IB #financecareer #finance #trader #investmentbanking,20260111,https://www.youtube.com/watch?v=TctlHEpiGIo,29,372,AVAILABLE,raw\TctlHEpiGIo\TctlHEpiGIo.en-orig.vtt,raw\TctlHEpiGIo\TctlHEpiGIo.info.json,2026-05-21T15:49:51.156788
tE1rhW1Tr7k,Code and walkthrough in private video series this week #trading #trader #stockmarket #daytrading,20260119,https://www.youtube.com/watch?v=tE1rhW1Tr7k,65,466,AVAILABLE,raw\tE1rhW1Tr7k\tE1rhW1Tr7k.en-orig.vtt,raw\tE1rhW1Tr7k\tE1rhW1Tr7k.info.json,2026-05-21T15:49:51.182338
tfvpuai4cAw,Leave in the comment what the entry condition should be #trading #trader  #tradingstrategy,20260104,https://www.youtube.com/watch?v=tfvpuai4cAw,34,1297,AVAILABLE,raw\tfvpuai4cAw\tfvpuai4cAw.en-orig.vtt,raw\tfvpuai4cAw\tfvpuai4cAw.info.json,2026-05-21T15:49:51.209346
tPBrYuUhf2c,"You have already done the work, all you do now is you just let the strategy #trading #trader",20260129,https://www.youtube.com/watch?v=tPBrYuUhf2c,40,1211,AVAILABLE,raw\tPBrYuUhf2c\tPBrYuUhf2c.en-orig.vtt,raw\tPBrYuUhf2c\tPBrYuUhf2c.info.json,2026-05-21T15:49:51.234591
TWYGWd6lOu0,It is important that all your strategies include stop loss and take profit #trader #trading,20260110,https://www.youtube.com/watch?v=TWYGWd6lOu0,43,940,AVAILABLE,raw\TWYGWd6lOu0\TWYGWd6lOu0.en-orig.vtt,raw\TWYGWd6lOu0\TWYGWd6lOu0.info.json,2026-05-21T15:49:51.259580
u3X13fHjQ-k,Quant trading is what chart drawing evolved into  #trading #trader #stockmarket #quant,20260504,https://www.youtube.com/watch?v=u3X13fHjQ-k,14,2254,MISSING,NONE,raw\u3X13fHjQ-k\u3X13fHjQ-k.info.json,2026-05-21T15:49:51.286150
u7gUqsu7gsw,15th year in a row from uncle Mario. 😅 Merry Christmas to you all. #trading #treader #daytrading,20251225,https://www.youtube.com/watch?v=u7gUqsu7gsw,5,1375,MISSING,NONE,raw\u7gUqsu7gsw\u7gUqsu7gsw.info.json,2026-05-21T15:49:51.318226
uBcDzz5Mgb0,Now you can make even more money with #trading why quitting #trader #daytrading #money #stockmarket,20260510,https://www.youtube.com/watch?v=uBcDzz5Mgb0,17,1039,MISSING,NONE,raw\uBcDzz5Mgb0\uBcDzz5Mgb0.info.json,2026-05-21T15:49:51.345141
UCQrLxbpidT8aCG3CFbM_YMA,MatFinOg - Shorts,UNKNOWN,https://www.youtube.com/@MatFinOg/shorts,UNKNOWN,UNKNOWN,MISSING,NONE,raw\UCQrLxbpidT8aCG3CFbM_YMA\UCQrLxbpidT8aCG3CFbM_YMA.info.json,2026-05-21T15:49:51.366235
UgyFifq0o8M,If you see this after January 31st I’m sorry for you #trading #trader #daytrading #stockmarket,20260130,https://www.youtube.com/watch?v=UgyFifq0o8M,46,665,MISSING,NONE,raw\UgyFifq0o8M\UgyFifq0o8M.info.json,2026-05-21T15:49:51.392216
uiACLwiU-j4,This is how the majority od retail traders will trade in 2 years. Be first #trading #trader #futures,20260111,https://www.youtube.com/watch?v=uiACLwiU-j4,34,864,AVAILABLE,raw\uiACLwiU-j4\uiACLwiU-j4.en-orig.vtt,raw\uiACLwiU-j4\uiACLwiU-j4.info.json,2026-05-21T15:49:51.416407
uIbPQfYW7Gk,How do you optimize your trading strategies? #trading #trader #tradingstrategy #algotrading,20260113,https://www.youtube.com/watch?v=uIbPQfYW7Gk,59,536,AVAILABLE,raw\uIbPQfYW7Gk\uIbPQfYW7Gk.en-orig.vtt,raw\uIbPQfYW7Gk\uIbPQfYW7Gk.info.json,2026-05-21T15:49:51.442642
uorhRcfGfNI,This is how to get institutional grade trading strategies ideas #trading #trader #daytrading,20260125,https://www.youtube.com/watch?v=uorhRcfGfNI,35,1094,AVAILABLE,raw\uorhRcfGfNI\uorhRcfGfNI.en-orig.vtt,raw\uorhRcfGfNI\uorhRcfGfNI.info.json,2026-05-21T15:49:51.467167
uQUqDE8OJuU,"Thank you all, I hope you found the series insightful #trading #trader #daytrading",20260130,https://www.youtube.com/watch?v=uQUqDE8OJuU,40,1311,AVAILABLE,raw\uQUqDE8OJuU\uQUqDE8OJuU.en-orig.vtt,raw\uQUqDE8OJuU\uQUqDE8OJuU.info.json,2026-05-21T15:49:51.491117
vCiLUnw7ovs,Test properly your #tradingstrategy don’t rely on what’s you feel #trading #trader,20260124,https://www.youtube.com/watch?v=vCiLUnw7ovs,31,1073,AVAILABLE,raw\vCiLUnw7ovs\vCiLUnw7ovs.en-orig.vtt,raw\vCiLUnw7ovs\vCiLUnw7ovs.info.json,2026-05-21T15:49:51.516591
VhxH_QrJzTE,Paper downloadable for free in the SSRN website #trading #trader #institutionaltrading #daytrading,20260122,https://www.youtube.com/watch?v=VhxH_QrJzTE,21,1318,AVAILABLE,raw\VhxH_QrJzTE\VhxH_QrJzTE.en-orig.vtt,raw\VhxH_QrJzTE\VhxH_QrJzTE.info.json,2026-05-21T15:49:51.540449
vXRZCx_nvRg,"don’t look for the right indicator, look for a thesis you can’t prove wrong #trading #trader",20260214,https://www.youtube.com/watch?v=vXRZCx_nvRg,27,423,AVAILABLE,raw\vXRZCx_nvRg\vXRZCx_nvRg.en-orig.vtt,raw\vXRZCx_nvRg\vXRZCx_nvRg.info.json,2026-05-21T15:49:51.564724
vyw7uUE8hFk,If it can help one person I’m happy with it #trading #trader #stocks #finance,20260505,https://www.youtube.com/watch?v=vyw7uUE8hFk,40,1209,MISSING,NONE,raw\vyw7uUE8hFk\vyw7uUE8hFk.info.json,2026-05-21T15:49:51.590608
VzqVsOREv98,But without the mouse #christmas #investmentbanking #finance #trading #excel,20251215,https://www.youtube.com/watch?v=VzqVsOREv98,12,2573,MISSING,NONE,raw\VzqVsOREv98\VzqVsOREv98.info.json,2026-05-21T15:49:51.615755
WaHowoBISKw,"A look to the entire data period, time to go towards live #trading #trader #daytrading #stockmarket",20260121,https://www.youtube.com/watch?v=WaHowoBISKw,81,495,AVAILABLE,raw\WaHowoBISKw\WaHowoBISKw.en-orig.vtt,raw\WaHowoBISKw\WaHowoBISKw.info.json,2026-05-21T15:49:51.642796
wdTpHy6EDfY,Is it actual 24/7? #nasdaq #trading #trader #daytrading #stocktrading,20251216,https://www.youtube.com/watch?v=wdTpHy6EDfY,36,1825,MISSING,NONE,raw\wdTpHy6EDfY\wdTpHy6EDfY.info.json,2026-05-21T15:49:51.674043
WoT4fmaWz_Q,Same as the past 14 years 🫡 #trading #trader #daytrading #newyear #motivation,20251213,https://www.youtube.com/watch?v=WoT4fmaWz_Q,14,1374,AVAILABLE,raw\WoT4fmaWz_Q\WoT4fmaWz_Q.en-orig.vtt,raw\WoT4fmaWz_Q\WoT4fmaWz_Q.info.json,2026-05-21T15:49:51.699239
WsaMrdsRbpE,What is the best data provider for #trading which one would you include? #trader #algotrading,20251229,https://www.youtube.com/watch?v=WsaMrdsRbpE,19,305,AVAILABLE,raw\WsaMrdsRbpE\WsaMrdsRbpE.en-orig.vtt,raw\WsaMrdsRbpE\WsaMrdsRbpE.info.json,2026-05-21T15:49:51.725843
wTCkoSp7Jlo,How to use ChatGPT to create your Custom Trading Indicator on TradingView. #trading #trader,20260206,https://www.youtube.com/watch?v=wTCkoSp7Jlo,45,332,AVAILABLE,raw\wTCkoSp7Jlo\wTCkoSp7Jlo.en-orig.vtt,raw\wTCkoSp7Jlo\wTCkoSp7Jlo.info.json,2026-05-21T15:49:51.750877
wusrxwNBI-8,How to handle overfitting and Market’s regimes  #trader #institutionaltrading #daytrading #stocks,20260118,https://www.youtube.com/watch?v=wusrxwNBI-8,64,468,AVAILABLE,raw\wusrxwNBI-8\wusrxwNBI-8.en-orig.vtt,raw\wusrxwNBI-8\wusrxwNBI-8.info.json,2026-05-21T15:49:51.777767
wXKLsp2AYM0,"98% of institutional trades are automated, why do you are not doing the same? #trading #trader",20251226,https://www.youtube.com/watch?v=wXKLsp2AYM0,5,1333,MISSING,NONE,raw\wXKLsp2AYM0\wXKLsp2AYM0.info.json,2026-05-21T15:49:51.807144
WZ06lYmRAb4,A different pov on CAPM #trading #trader #daytrading #finance #investing,20251211,https://www.youtube.com/watch?v=WZ06lYmRAb4,42,1463,AVAILABLE,raw\WZ06lYmRAb4\WZ06lYmRAb4.en-orig.vtt,raw\WZ06lYmRAb4\WZ06lYmRAb4.info.json,2026-05-21T15:49:51.836603
wZP5w4qXqH8,Is discretionary better than automated #trading ? #trader #finance #stockmarket,20260513,https://www.youtube.com/watch?v=wZP5w4qXqH8,18,1810,AVAILABLE,raw\wZP5w4qXqH8\wZP5w4qXqH8.en-orig.vtt,raw\wZP5w4qXqH8\wZP5w4qXqH8.info.json,2026-05-21T15:49:51.861617
X91etxLCEw4,Video Nr. 2 out tomorrow:The #trading strategy that made hundreds of Millions (and why is simple),20260516,https://www.youtube.com/watch?v=X91etxLCEw4,16,1321,AVAILABLE,raw\X91etxLCEw4\X91etxLCEw4.en-orig.vtt,raw\X91etxLCEw4\X91etxLCEw4.info.json,2026-05-21T15:49:51.885785
XFaLnULdM8w,That’s really it. #trading #trader #daytrading #tradingbook,20251220,https://www.youtube.com/watch?v=XFaLnULdM8w,146,803,AVAILABLE,raw\XFaLnULdM8w\XFaLnULdM8w.en-orig.vtt,raw\XFaLnULdM8w\XFaLnULdM8w.info.json,2026-05-21T15:49:51.910444
XnDTCYhHFaQ,To succeed without efforts #trading #trader #daytrading #daytrader #money,20260203,https://www.youtube.com/watch?v=XnDTCYhHFaQ,14,1552,AVAILABLE,raw\XnDTCYhHFaQ\XnDTCYhHFaQ.en-orig.vtt,raw\XnDTCYhHFaQ\XnDTCYhHFaQ.info.json,2026-05-21T15:49:51.934416
xnjw2o-F1YE,Here to shrink the gap between retail and institutional trading #trading #daytrading #trader,20251209,https://www.youtube.com/watch?v=xnjw2o-F1YE,14,2360,MISSING,NONE,raw\xnjw2o-F1YE\xnjw2o-F1YE.info.json,2026-05-21T15:49:51.960887
xOP8AxnPU_A,Italians traders are a different breed #trading #trader #daytrading #daytrader,20260102,https://www.youtube.com/watch?v=xOP8AxnPU_A,9,1134,MISSING,NONE,raw\xOP8AxnPU_A\xOP8AxnPU_A.info.json,2026-05-21T15:49:51.988803
Y4PAUAiiOa8,Shrinking the 30 years gap between retail and institutional trading #daytrading #trader #trading,20251210,https://www.youtube.com/watch?v=Y4PAUAiiOa8,31,1001,AVAILABLE,raw\Y4PAUAiiOa8\Y4PAUAiiOa8.en-orig.vtt,raw\Y4PAUAiiOa8\Y4PAUAiiOa8.info.json,2026-05-21T15:49:52.012717
Yhwro_QwhNQ,How to size your #trading positions like an institutional #trader #futurestrading #stockmarket,20251229,https://www.youtube.com/watch?v=Yhwro_QwhNQ,35,1239,MISSING,NONE,raw\Yhwro_QwhNQ\Yhwro_QwhNQ.info.json,2026-05-21T15:49:52.040136
YK66iEYK6FA,You just need a structured process and leverage the tools you have access to.#trading #trader #quant,20260127,https://www.youtube.com/watch?v=YK66iEYK6FA,39,638,AVAILABLE,raw\YK66iEYK6FA\YK66iEYK6FA.en-orig.vtt,raw\YK66iEYK6FA\YK66iEYK6FA.info.json,2026-05-21T15:49:52.069577
YOdXD09kcMw,#trading #trader #tradingstrategy #daytrading #daytrader,20260203,https://www.youtube.com/watch?v=YOdXD09kcMw,31,639,AVAILABLE,raw\YOdXD09kcMw\YOdXD09kcMw.en-orig.vtt,raw\YOdXD09kcMw\YOdXD09kcMw.info.json,2026-05-21T15:49:52.094361
yP9VhQqgKHM,The main disadvantages of trading manually. Leverage the power of your computer. #trading #trader,20260105,https://www.youtube.com/watch?v=yP9VhQqgKHM,11,316,AVAILABLE,raw\yP9VhQqgKHM\yP9VhQqgKHM.en-orig.vtt,raw\yP9VhQqgKHM\yP9VhQqgKHM.info.json,2026-05-21T15:49:52.539314
YTZKPdJZXBE,Is backtesting a waste of time? #trading #trader #finance #algotrading #quant,20260512,https://www.youtube.com/watch?v=YTZKPdJZXBE,29,1566,AVAILABLE,raw\YTZKPdJZXBE\YTZKPdJZXBE.en-orig.vtt,raw\YTZKPdJZXBE\YTZKPdJZXBE.info.json,2026-05-21T15:49:52.569223
z0a-by7H6xQ,Day 8 Coding entry logic #trading #trader #daytrading #tradingstrategy,20260108,https://www.youtube.com/watch?v=z0a-by7H6xQ,43,981,AVAILABLE,raw\z0a-by7H6xQ\z0a-by7H6xQ.en-orig.vtt,raw\z0a-by7H6xQ\z0a-by7H6xQ.info.json,2026-05-21T15:49:52.599531
z0_q-g7-9Cg,Get to work. #trading #trader #stockmarket #crypto #daytrading #forex,20260116,https://www.youtube.com/watch?v=z0_q-g7-9Cg,9,389,AVAILABLE,raw\z0_q-g7-9Cg\z0_q-g7-9Cg.en-orig.vtt,raw\z0_q-g7-9Cg\z0_q-g7-9Cg.info.json,2026-05-21T15:49:52.628039
Z3WwshhgN1E,Rule nr1. In #algotrading #trading #trader #algorithmictrading  #tradingstrategy #finance,20260520,https://www.youtube.com/watch?v=Z3WwshhgN1E,13,1064,AVAILABLE,raw\Z3WwshhgN1E\Z3WwshhgN1E.en-orig.vtt,raw\Z3WwshhgN1E\Z3WwshhgN1E.info.json,2026-05-21T15:49:52.650617
zm4p9g1TJVw,My secret 🤫 #trading #treader #daytrading,20251221,https://www.youtube.com/watch?v=zm4p9g1TJVw,5,590,MISSING,NONE,raw\zm4p9g1TJVw\zm4p9g1TJVw.info.json,2026-05-21T15:49:52.682861
zNKMVR0z_fo,Hard work will always be your best investment #hardwork #family #motivation #trading,20251218,https://www.youtube.com/watch?v=zNKMVR0z_fo,7,253,MISSING,NONE,raw\zNKMVR0z_fo\zNKMVR0z_fo.info.json,2026-05-21T15:49:52.717116
ZQOOwBNau4w,Don’t expect the skill set among traders on trading floors to be equal.#trading #trader #finance,20260112,https://www.youtube.com/watch?v=ZQOOwBNau4w,5,753,MISSING,NONE,raw\ZQOOwBNau4w\ZQOOwBNau4w.info.json,2026-05-21T15:49:52.749756
_2otbUcxLs0,It reduces discount rates on future earnings and ease financial conditions #finance #trading #trader,20251210,https://www.youtube.com/watch?v=_2otbUcxLs0,5,431,MISSING,NONE,raw\_2otbUcxLs0\_2otbUcxLs0.info.json,2026-05-21T15:49:52.777548
_9WkORedFJg,#investing #trading #trader #finance #stockmarket #crypto,20260305,https://www.youtube.com/watch?v=_9WkORedFJg,26,963,AVAILABLE,raw\_9WkORedFJg\_9WkORedFJg.en-orig.vtt,raw\_9WkORedFJg\_9WkORedFJg.info.json,2026-05-21T15:49:52.805414
_SOTjV-GHOI,"You want to be different, yet you keep doing what 99% of retail traders do. #trading #trader",20260121,https://www.youtube.com/watch?v=_SOTjV-GHOI,20,120,AVAILABLE,raw\_SOTjV-GHOI\_SOTjV-GHOI.en-orig.vtt,raw\_SOTjV-GHOI\_SOTjV-GHOI.info.json,2026-05-21T15:49:52.834290
_xmS6m8ZsXo,"It is a vicious cycle, but you got to love it. #trading #trader #motivation #money #daytrading",20260102,https://www.youtube.com/watch?v=_xmS6m8ZsXo,12,379,MISSING,NONE,raw\_xmS6m8ZsXo\_xmS6m8ZsXo.info.json,2026-05-21T15:49:52.865128
